Company name, Email, Website
3c Holding GmbH,export@3c-gruppe.de,http://www.3c-gruppe.de
PONSEL,detlef.ott@ponsel.de,http://www.ponsel.de
ARCO Polstermöbel GmbH & Co. KG,h.bauersachs@arco-gesund-sitzen.de,http://www.arco-gesund-sitzen.de
Brinkhaus GmbH,r.torres@brinkhaus.de,http://www.brinkhaus.de
Bullfrog Marketing & Design GmbH,export@bullfrog-design.de,http://www.bullfrog-design.de
GWINNER WOHNDESIGN GmbH,export@gwinner.de,http://www.gwinner.de
HIMOLLA,mark.litterst@himolla.com,http://www.himolla.com
InCasa Schlafraumsysteme GmbH,info@incasa-moebel.de,http://www.incasa-moebel.de
K+W Polstermöbel GmbH + Co.KG,christian.eck@kwmoebel.de,http://www.kwmoebel.de
Kettler GmbH,service.international@kettler.de,http://www.kettler.de
KOINOR Polstermöbel,NaN,http://www.koinor.com/
Möbelwerke A. Decker GmbH,moebel@decker.de,http://www.decker.de
Musterring International Josef Höner GmbH & Co. KG,m.aschoff@musterring.de,http://www.musterring.com
Niehoff Sitzmöbel,info@niehoff-sitzmoebel.de,http://www.niehoff-sitzmoebel.de/
PAIDI Möbel GmbH,naun@paidi.de,http://www.paidi.com
Franz Schröder GmbH & Co. KG,info@schroeno.de,http://www.schroeno.de
SCHRÖNO Polstermöbelmanufaktur GmbH & Co. KG,info@schroeno.de,http://www.schroeno.de
Thielemeyer GmbH & Co. KG,sven@thielemeyer.de,http://www.thielemeyer.de
TM Collections GmbH & Co. KG,info@tm-collections.de,http://www.tommym.com
Willi Schillig Polstermöbelwerke GmbH & Co. KG,hfeddern@schillig.de,http://www.schillig.com
